{
  "token_acc":1.0,
  "token_p":1.0,
  "token_r":1.0,
  "token_f":1.0,
  "spans_sc_p":0.883307169,
  "spans_sc_r":0.7939793039,
  "spans_sc_f":0.8362645529,
  "spans_sc_per_type":{
    "ENE-Spatial":{
      "p":0.8530259366,
      "r":0.9641693811,
      "f":0.9051987768
    },
    "Domain-mark":{
      "p":0.9593495935,
      "r":0.9147286822,
      "f":0.9365079365
    },
    "Head":{
      "p":0.7692307692,
      "r":0.2083333333,
      "f":0.3278688525
    },
    "NP-Spatial":{
      "p":0.8733705773,
      "r":0.9630390144,
      "f":0.916015625
    },
    "Latlong":{
      "p":0.0,
      "r":0.0,
      "f":0.0
    },
    "Relation":{
      "p":0.8741721854,
      "r":0.6255924171,
      "f":0.729281768
    },
    "NC-Spatial":{
      "p":0.8921282799,
      "r":0.9300911854,
      "f":0.9107142857
    },
    "ENE-Person":{
      "p":0.9019607843,
      "r":0.8214285714,
      "f":0.8598130841
    },
    "NC-Person":{
      "p":0.9207920792,
      "r":0.7045454545,
      "f":0.7982832618
    },
    "NP-Person":{
      "p":0.9034482759,
      "r":0.8911564626,
      "f":0.897260274
    },
    "NP-Misc":{
      "p":0.9054054054,
      "r":0.7204301075,
      "f":0.8023952096
    },
    "ENE-Misc":{
      "p":0.0,
      "r":0.0,
      "f":0.0
    }
  },
  "speed":4178.8184327258
}