{
  "token_acc":1.0,
  "token_p":1.0,
  "token_r":1.0,
  "token_f":1.0,
  "spans_sc_p":0.9398220827,
  "spans_sc_r":0.7982222222,
  "spans_sc_f":0.8632540255,
  "spans_sc_per_type":{
    "ENE-Spatial":{
      "p":0.9193083573,
      "r":0.9550898204,
      "f":0.9368575624
    },
    "NP-Spatial":{
      "p":0.9255121043,
      "r":0.95761079,
      "f":0.9412878788
    },
    "Relation":{
      "p":0.9668874172,
      "r":0.6460176991,
      "f":0.774535809
    },
    "Head":{
      "p":0.9487179487,
      "r":0.2418300654,
      "f":0.3854166667
    },
    "Latlong":{
      "p":0.0,
      "r":0.0,
      "f":0.0
    },
    "Domain-mark":{
      "p":0.9918699187,
      "r":0.9172932331,
      "f":0.953125
    },
    "NC-Spatial":{
      "p":0.9650145773,
      "r":0.9323943662,
      "f":0.9484240688
    },
    "NP-Misc":{
      "p":0.9324324324,
      "r":0.71875,
      "f":0.8117647059
    },
    "NC-Person":{
      "p":0.9306930693,
      "r":0.7067669173,
      "f":0.8034188034
    },
    "ENE-Person":{
      "p":0.9215686275,
      "r":0.8245614035,
      "f":0.8703703704
    },
    "NP-Person":{
      "p":0.924137931,
      "r":0.8933333333,
      "f":0.9084745763
    },
    "ENE-Misc":{
      "p":0.0,
      "r":0.0,
      "f":0.0
    }
  },
  "speed":3423.052708702
}