{
  "token_acc":1.0,
  "token_p":1.0,
  "token_r":1.0,
  "token_f":1.0,
  "spans_sc_p":0.9408686552,
  "spans_sc_r":0.7991111111,
  "spans_sc_f":0.8642153329,
  "spans_sc_per_type":{
    "Relation":{
      "p":0.9733333333,
      "r":0.6460176991,
      "f":0.7765957447
    },
    "Domain-mark":{
      "p":0.9918699187,
      "r":0.9172932331,
      "f":0.953125
    },
    "Latlong":{
      "p":0.0,
      "r":0.0,
      "f":0.0
    },
    "Head":{
      "p":0.9736842105,
      "r":0.2418300654,
      "f":0.387434555
    },
    "NC-Spatial":{
      "p":0.9650145773,
      "r":0.9323943662,
      "f":0.9484240688
    },
    "ENE-Spatial":{
      "p":0.9166666667,
      "r":0.9550898204,
      "f":0.935483871
    },
    "NP-Spatial":{
      "p":0.9273743017,
      "r":0.9595375723,
      "f":0.9431818182
    },
    "ENE-Person":{
      "p":0.9215686275,
      "r":0.8245614035,
      "f":0.8703703704
    },
    "NC-Person":{
      "p":0.9306930693,
      "r":0.7067669173,
      "f":0.8034188034
    },
    "NP-Misc":{
      "p":0.9324324324,
      "r":0.71875,
      "f":0.8117647059
    },
    "NP-Person":{
      "p":0.9246575342,
      "r":0.9,
      "f":0.9121621622
    },
    "ENE-Misc":{
      "p":0.0,
      "r":0.0,
      "f":0.0
    }
  },
  "speed":3098.9947121934
}