{
  "token_acc":1.0,
  "token_p":1.0,
  "token_r":1.0,
  "token_f":1.0,
  "spans_sc_p":0.9424385139,
  "spans_sc_r":0.7983156028,
  "spans_sc_f":0.8644108471,
  "spans_sc_per_type":{
    "Relation":{
      "p":0.9668874172,
      "r":0.6460176991,
      "f":0.774535809
    },
    "Latlong":{
      "p":0.0,
      "r":0.0,
      "f":0.0
    },
    "NC-Spatial":{
      "p":0.970845481,
      "r":0.9327731092,
      "f":0.9514285714
    },
    "ENE-Spatial":{
      "p":0.9221902017,
      "r":0.9580838323,
      "f":0.93979442
    },
    "Domain-mark":{
      "p":0.9918699187,
      "r":0.9172932331,
      "f":0.953125
    },
    "NP-Spatial":{
      "p":0.9273743017,
      "r":0.9540229885,
      "f":0.940509915
    },
    "Head":{
      "p":0.9743589744,
      "r":0.2467532468,
      "f":0.3937823834
    },
    "ENE-Person":{
      "p":0.9215686275,
      "r":0.8245614035,
      "f":0.8703703704
    },
    "NP-Person":{
      "p":0.924137931,
      "r":0.8933333333,
      "f":0.9084745763
    },
    "NP-Misc":{
      "p":0.9324324324,
      "r":0.71875,
      "f":0.8117647059
    },
    "NC-Person":{
      "p":0.9306930693,
      "r":0.7067669173,
      "f":0.8034188034
    },
    "ENE-Misc":{
      "p":0.0,
      "r":0.0,
      "f":0.0
    }
  },
  "speed":3732.1525719507
}